{"frames": [

{
	"filename": "Clock0000",
	"frame": {"x":0,"y":0,"w":218,"h":75},
	"rotated": false,
	"trimmed": false,
	"spriteSourceSize": {"x":0,"y":0,"w":218,"h":75},
	"sourceSize": {"w":218,"h":75}
}
,{
	"filename": "Confetti0000",
	"frame": {"x":222,"y":0,"w":30,"h":28},
	"rotated": false,
	"trimmed": false,
	"spriteSourceSize": {"x":0,"y":0,"w":30,"h":28},
	"sourceSize": {"w":30,"h":28}
}
,{
	"filename": "Confetti0001",
	"frame": {"x":256,"y":0,"w":30,"h":28},
	"rotated": false,
	"trimmed": false,
	"spriteSourceSize": {"x":0,"y":0,"w":30,"h":28},
	"sourceSize": {"w":30,"h":28}
}
,{
	"filename": "Confetti0002",
	"frame": {"x":290,"y":0,"w":30,"h":28},
	"rotated": false,
	"trimmed": false,
	"spriteSourceSize": {"x":0,"y":0,"w":30,"h":28},
	"sourceSize": {"w":30,"h":28}
}
,{
	"filename": "Confetti0003",
	"frame": {"x":324,"y":0,"w":30,"h":28},
	"rotated": false,
	"trimmed": false,
	"spriteSourceSize": {"x":0,"y":0,"w":30,"h":28},
	"sourceSize": {"w":30,"h":28}
}
,{
	"filename": "CrossIcon0000",
	"frame": {"x":1122,"y":205,"w":61,"h":61},
	"rotated": false,
	"trimmed": false,
	"spriteSourceSize": {"x":0,"y":0,"w":61,"h":61},
	"sourceSize": {"w":61,"h":61}
}
,{
	"filename": "CursorToggle0000",
	"frame": {"x":358,"y":0,"w":196,"h":90},
	"rotated": false,
	"trimmed": false,
	"spriteSourceSize": {"x":0,"y":0,"w":196,"h":90},
	"sourceSize": {"w":196,"h":90}
}
,{
	"filename": "DeviceItemRenderer0000",
	"frame": {"x":558,"y":0,"w":554,"h":111},
	"rotated": false,
	"trimmed": false,
	"spriteSourceSize": {"x":0,"y":0,"w":554,"h":111},
	"sourceSize": {"w":554,"h":111}
}
,{
	"filename": "DiamondsIcon0000",
	"frame": {"x":1187,"y":205,"w":93,"h":73},
	"rotated": false,
	"trimmed": false,
	"spriteSourceSize": {"x":0,"y":0,"w":93,"h":73},
	"sourceSize": {"w":93,"h":73}
}
,{
	"filename": "FingerRingJump0000",
	"frame": {"x":1116,"y":0,"w":200,"h":201},
	"rotated": false,
	"trimmed": false,
	"spriteSourceSize": {"x":0,"y":0,"w":200,"h":201},
	"sourceSize": {"w":200,"h":201}
}
,{
	"filename": "FingerRingLeft0000",
	"frame": {"x":1320,"y":0,"w":200,"h":201},
	"rotated": false,
	"trimmed": false,
	"spriteSourceSize": {"x":0,"y":0,"w":200,"h":201},
	"sourceSize": {"w":200,"h":201}
}
,{
	"filename": "FingerRingRight0000",
	"frame": {"x":1524,"y":0,"w":200,"h":200},
	"rotated": false,
	"trimmed": false,
	"spriteSourceSize": {"x":0,"y":0,"w":200,"h":200},
	"sourceSize": {"w":200,"h":200}
}
,{
	"filename": "FinishIcon0000",
	"frame": {"x":1284,"y":205,"w":93,"h":107},
	"rotated": false,
	"trimmed": false,
	"spriteSourceSize": {"x":0,"y":0,"w":93,"h":107},
	"sourceSize": {"w":93,"h":107}
}
,{
	"filename": "FinishStone0000",
	"frame": {"x":1381,"y":205,"w":128,"h":128},
	"rotated": false,
	"trimmed": false,
	"spriteSourceSize": {"x":0,"y":0,"w":128,"h":128},
	"sourceSize": {"w":128,"h":128}
}
,{
	"filename": "FinishStone0001",
	"frame": {"x":1513,"y":205,"w":128,"h":128},
	"rotated": false,
	"trimmed": false,
	"spriteSourceSize": {"x":0,"y":0,"w":128,"h":128},
	"sourceSize": {"w":128,"h":128}
}
,{
	"filename": "FinishStone0002",
	"frame": {"x":1645,"y":205,"w":128,"h":128},
	"rotated": false,
	"trimmed": false,
	"spriteSourceSize": {"x":0,"y":0,"w":128,"h":128},
	"sourceSize": {"w":128,"h":128}
}
,{
	"filename": "FinishStone0003",
	"frame": {"x":1777,"y":205,"w":128,"h":128},
	"rotated": false,
	"trimmed": false,
	"spriteSourceSize": {"x":0,"y":0,"w":128,"h":128},
	"sourceSize": {"w":128,"h":128}
}
,{
	"filename": "FinishStone0004",
	"frame": {"x":1909,"y":205,"w":128,"h":128},
	"rotated": false,
	"trimmed": false,
	"spriteSourceSize": {"x":0,"y":0,"w":128,"h":128},
	"sourceSize": {"w":128,"h":128}
}
,{
	"filename": "FinishStone0005",
	"frame": {"x":0,"y":851,"w":128,"h":128},
	"rotated": false,
	"trimmed": false,
	"spriteSourceSize": {"x":0,"y":0,"w":128,"h":128},
	"sourceSize": {"w":128,"h":128}
}
,{
	"filename": "FinishStone0006",
	"frame": {"x":132,"y":851,"w":128,"h":128},
	"rotated": false,
	"trimmed": false,
	"spriteSourceSize": {"x":0,"y":0,"w":128,"h":128},
	"sourceSize": {"w":128,"h":128}
}
,{
	"filename": "FinishStone0007",
	"frame": {"x":264,"y":851,"w":128,"h":128},
	"rotated": false,
	"trimmed": false,
	"spriteSourceSize": {"x":0,"y":0,"w":128,"h":128},
	"sourceSize": {"w":128,"h":128}
}
,{
	"filename": "FinishStone0008",
	"frame": {"x":396,"y":851,"w":128,"h":128},
	"rotated": false,
	"trimmed": false,
	"spriteSourceSize": {"x":0,"y":0,"w":128,"h":128},
	"sourceSize": {"w":128,"h":128}
}
,{
	"filename": "FinishStone0009",
	"frame": {"x":528,"y":851,"w":128,"h":128},
	"rotated": false,
	"trimmed": false,
	"spriteSourceSize": {"x":0,"y":0,"w":128,"h":128},
	"sourceSize": {"w":128,"h":128}
}
,{
	"filename": "FinishStone0010",
	"frame": {"x":660,"y":851,"w":128,"h":128},
	"rotated": false,
	"trimmed": false,
	"spriteSourceSize": {"x":0,"y":0,"w":128,"h":128},
	"sourceSize": {"w":128,"h":128}
}
,{
	"filename": "FinishStone0011",
	"frame": {"x":792,"y":851,"w":128,"h":128},
	"rotated": false,
	"trimmed": false,
	"spriteSourceSize": {"x":0,"y":0,"w":128,"h":128},
	"sourceSize": {"w":128,"h":128}
}
,{
	"filename": "FinishStone0012",
	"frame": {"x":924,"y":851,"w":128,"h":128},
	"rotated": false,
	"trimmed": false,
	"spriteSourceSize": {"x":0,"y":0,"w":128,"h":128},
	"sourceSize": {"w":128,"h":128}
}
,{
	"filename": "FinishStone0013",
	"frame": {"x":1056,"y":851,"w":128,"h":128},
	"rotated": false,
	"trimmed": false,
	"spriteSourceSize": {"x":0,"y":0,"w":128,"h":128},
	"sourceSize": {"w":128,"h":128}
}
,{
	"filename": "FinishStone0014",
	"frame": {"x":1188,"y":851,"w":128,"h":128},
	"rotated": false,
	"trimmed": false,
	"spriteSourceSize": {"x":0,"y":0,"w":128,"h":128},
	"sourceSize": {"w":128,"h":128}
}
,{
	"filename": "FinishStone0015",
	"frame": {"x":1320,"y":851,"w":128,"h":128},
	"rotated": false,
	"trimmed": false,
	"spriteSourceSize": {"x":0,"y":0,"w":128,"h":128},
	"sourceSize": {"w":128,"h":128}
}
,{
	"filename": "FinishStone0016",
	"frame": {"x":1452,"y":851,"w":128,"h":128},
	"rotated": false,
	"trimmed": false,
	"spriteSourceSize": {"x":0,"y":0,"w":128,"h":128},
	"sourceSize": {"w":128,"h":128}
}
,{
	"filename": "FinishStone0017",
	"frame": {"x":1584,"y":851,"w":128,"h":128},
	"rotated": false,
	"trimmed": false,
	"spriteSourceSize": {"x":0,"y":0,"w":128,"h":128},
	"sourceSize": {"w":128,"h":128}
}
,{
	"filename": "FinishStone0018",
	"frame": {"x":1716,"y":851,"w":128,"h":128},
	"rotated": false,
	"trimmed": false,
	"spriteSourceSize": {"x":0,"y":0,"w":128,"h":128},
	"sourceSize": {"w":128,"h":128}
}
,{
	"filename": "FinishStone0019",
	"frame": {"x":1848,"y":851,"w":128,"h":128},
	"rotated": false,
	"trimmed": false,
	"spriteSourceSize": {"x":0,"y":0,"w":128,"h":128},
	"sourceSize": {"w":128,"h":128}
}
,{
	"filename": "FinishStone0020",
	"frame": {"x":0,"y":983,"w":128,"h":128},
	"rotated": false,
	"trimmed": false,
	"spriteSourceSize": {"x":0,"y":0,"w":128,"h":128},
	"sourceSize": {"w":128,"h":128}
}
,{
	"filename": "FinishStone0021",
	"frame": {"x":132,"y":983,"w":128,"h":128},
	"rotated": false,
	"trimmed": false,
	"spriteSourceSize": {"x":0,"y":0,"w":128,"h":128},
	"sourceSize": {"w":128,"h":128}
}
,{
	"filename": "FinishStoneDark0000",
	"frame": {"x":264,"y":983,"w":128,"h":128},
	"rotated": false,
	"trimmed": false,
	"spriteSourceSize": {"x":0,"y":0,"w":128,"h":128},
	"sourceSize": {"w":128,"h":128}
}
,{
	"filename": "FinishStoneDark0001",
	"frame": {"x":396,"y":983,"w":128,"h":128},
	"rotated": false,
	"trimmed": false,
	"spriteSourceSize": {"x":0,"y":0,"w":128,"h":128},
	"sourceSize": {"w":128,"h":128}
}
,{
	"filename": "FinishStoneDark0002",
	"frame": {"x":528,"y":983,"w":128,"h":128},
	"rotated": false,
	"trimmed": false,
	"spriteSourceSize": {"x":0,"y":0,"w":128,"h":128},
	"sourceSize": {"w":128,"h":128}
}
,{
	"filename": "FinishStoneDark0003",
	"frame": {"x":660,"y":983,"w":128,"h":128},
	"rotated": false,
	"trimmed": false,
	"spriteSourceSize": {"x":0,"y":0,"w":128,"h":128},
	"sourceSize": {"w":128,"h":128}
}
,{
	"filename": "FinishStoneDark0004",
	"frame": {"x":792,"y":983,"w":128,"h":128},
	"rotated": false,
	"trimmed": false,
	"spriteSourceSize": {"x":0,"y":0,"w":128,"h":128},
	"sourceSize": {"w":128,"h":128}
}
,{
	"filename": "FinishStoneDark0005",
	"frame": {"x":924,"y":983,"w":128,"h":128},
	"rotated": false,
	"trimmed": false,
	"spriteSourceSize": {"x":0,"y":0,"w":128,"h":128},
	"sourceSize": {"w":128,"h":128}
}
,{
	"filename": "FinishStoneDark0006",
	"frame": {"x":1056,"y":983,"w":128,"h":128},
	"rotated": false,
	"trimmed": false,
	"spriteSourceSize": {"x":0,"y":0,"w":128,"h":128},
	"sourceSize": {"w":128,"h":128}
}
,{
	"filename": "FinishStoneDark0007",
	"frame": {"x":1188,"y":983,"w":128,"h":128},
	"rotated": false,
	"trimmed": false,
	"spriteSourceSize": {"x":0,"y":0,"w":128,"h":128},
	"sourceSize": {"w":128,"h":128}
}
,{
	"filename": "FinishStoneDark0008",
	"frame": {"x":1320,"y":983,"w":128,"h":128},
	"rotated": false,
	"trimmed": false,
	"spriteSourceSize": {"x":0,"y":0,"w":128,"h":128},
	"sourceSize": {"w":128,"h":128}
}
,{
	"filename": "FinishStoneDark0009",
	"frame": {"x":1452,"y":983,"w":128,"h":128},
	"rotated": false,
	"trimmed": false,
	"spriteSourceSize": {"x":0,"y":0,"w":128,"h":128},
	"sourceSize": {"w":128,"h":128}
}
,{
	"filename": "FinishStoneDark0010",
	"frame": {"x":1584,"y":983,"w":128,"h":128},
	"rotated": false,
	"trimmed": false,
	"spriteSourceSize": {"x":0,"y":0,"w":128,"h":128},
	"sourceSize": {"w":128,"h":128}
}
,{
	"filename": "FinishStoneDark0011",
	"frame": {"x":1716,"y":983,"w":128,"h":128},
	"rotated": false,
	"trimmed": false,
	"spriteSourceSize": {"x":0,"y":0,"w":128,"h":128},
	"sourceSize": {"w":128,"h":128}
}
,{
	"filename": "FinishStoneDark0012",
	"frame": {"x":1848,"y":983,"w":128,"h":128},
	"rotated": false,
	"trimmed": false,
	"spriteSourceSize": {"x":0,"y":0,"w":128,"h":128},
	"sourceSize": {"w":128,"h":128}
}
,{
	"filename": "FinishStoneDark0013",
	"frame": {"x":0,"y":1115,"w":128,"h":128},
	"rotated": false,
	"trimmed": false,
	"spriteSourceSize": {"x":0,"y":0,"w":128,"h":128},
	"sourceSize": {"w":128,"h":128}
}
,{
	"filename": "FinishStoneDark0014",
	"frame": {"x":132,"y":1115,"w":128,"h":128},
	"rotated": false,
	"trimmed": false,
	"spriteSourceSize": {"x":0,"y":0,"w":128,"h":128},
	"sourceSize": {"w":128,"h":128}
}
,{
	"filename": "FinishStoneDark0015",
	"frame": {"x":264,"y":1115,"w":128,"h":128},
	"rotated": false,
	"trimmed": false,
	"spriteSourceSize": {"x":0,"y":0,"w":128,"h":128},
	"sourceSize": {"w":128,"h":128}
}
,{
	"filename": "FinishStoneDark0016",
	"frame": {"x":396,"y":1115,"w":128,"h":128},
	"rotated": false,
	"trimmed": false,
	"spriteSourceSize": {"x":0,"y":0,"w":128,"h":128},
	"sourceSize": {"w":128,"h":128}
}
,{
	"filename": "FinishStoneDark0017",
	"frame": {"x":528,"y":1115,"w":128,"h":128},
	"rotated": false,
	"trimmed": false,
	"spriteSourceSize": {"x":0,"y":0,"w":128,"h":128},
	"sourceSize": {"w":128,"h":128}
}
,{
	"filename": "FinishStoneDark0018",
	"frame": {"x":660,"y":1115,"w":128,"h":128},
	"rotated": false,
	"trimmed": false,
	"spriteSourceSize": {"x":0,"y":0,"w":128,"h":128},
	"sourceSize": {"w":128,"h":128}
}
,{
	"filename": "FinishStoneDark0019",
	"frame": {"x":792,"y":1115,"w":128,"h":128},
	"rotated": false,
	"trimmed": false,
	"spriteSourceSize": {"x":0,"y":0,"w":128,"h":128},
	"sourceSize": {"w":128,"h":128}
}
,{
	"filename": "FinishStoneDark0020",
	"frame": {"x":924,"y":1115,"w":128,"h":128},
	"rotated": false,
	"trimmed": false,
	"spriteSourceSize": {"x":0,"y":0,"w":128,"h":128},
	"sourceSize": {"w":128,"h":128}
}
,{
	"filename": "FinishStoneDark0021",
	"frame": {"x":1056,"y":1115,"w":128,"h":128},
	"rotated": false,
	"trimmed": false,
	"spriteSourceSize": {"x":0,"y":0,"w":128,"h":128},
	"sourceSize": {"w":128,"h":128}
}
,{
	"filename": "FinishStonePuzzle0000",
	"frame": {"x":1188,"y":1115,"w":134,"h":118},
	"rotated": false,
	"trimmed": false,
	"spriteSourceSize": {"x":0,"y":0,"w":134,"h":118},
	"sourceSize": {"w":134,"h":118}
}
,{
	"filename": "FinishStonePuzzle0001",
	"frame": {"x":1326,"y":1115,"w":134,"h":118},
	"rotated": false,
	"trimmed": false,
	"spriteSourceSize": {"x":0,"y":0,"w":134,"h":118},
	"sourceSize": {"w":134,"h":118}
}
,{
	"filename": "FinishStonePuzzle0002",
	"frame": {"x":1464,"y":1115,"w":134,"h":118},
	"rotated": false,
	"trimmed": false,
	"spriteSourceSize": {"x":0,"y":0,"w":134,"h":118},
	"sourceSize": {"w":134,"h":118}
}
,{
	"filename": "FinishStonePuzzle0003",
	"frame": {"x":1602,"y":1115,"w":134,"h":118},
	"rotated": false,
	"trimmed": false,
	"spriteSourceSize": {"x":0,"y":0,"w":134,"h":118},
	"sourceSize": {"w":134,"h":118}
}
,{
	"filename": "FinishStonePuzzle0004",
	"frame": {"x":1740,"y":1115,"w":134,"h":118},
	"rotated": false,
	"trimmed": false,
	"spriteSourceSize": {"x":0,"y":0,"w":134,"h":118},
	"sourceSize": {"w":134,"h":118}
}
,{
	"filename": "FinishStonePuzzle0005",
	"frame": {"x":1878,"y":1115,"w":134,"h":118},
	"rotated": false,
	"trimmed": false,
	"spriteSourceSize": {"x":0,"y":0,"w":134,"h":118},
	"sourceSize": {"w":134,"h":118}
}
,{
	"filename": "FinishStonePuzzle0006",
	"frame": {"x":0,"y":1247,"w":134,"h":118},
	"rotated": false,
	"trimmed": false,
	"spriteSourceSize": {"x":0,"y":0,"w":134,"h":118},
	"sourceSize": {"w":134,"h":118}
}
,{
	"filename": "FinishStonePuzzle0007",
	"frame": {"x":138,"y":1247,"w":134,"h":118},
	"rotated": false,
	"trimmed": false,
	"spriteSourceSize": {"x":0,"y":0,"w":134,"h":118},
	"sourceSize": {"w":134,"h":118}
}
,{
	"filename": "FinishStonePuzzle0008",
	"frame": {"x":276,"y":1247,"w":134,"h":118},
	"rotated": false,
	"trimmed": false,
	"spriteSourceSize": {"x":0,"y":0,"w":134,"h":118},
	"sourceSize": {"w":134,"h":118}
}
,{
	"filename": "FinishStonePuzzle0009",
	"frame": {"x":414,"y":1247,"w":134,"h":118},
	"rotated": false,
	"trimmed": false,
	"spriteSourceSize": {"x":0,"y":0,"w":134,"h":118},
	"sourceSize": {"w":134,"h":118}
}
,{
	"filename": "FinishStonePuzzle0010",
	"frame": {"x":552,"y":1247,"w":134,"h":118},
	"rotated": false,
	"trimmed": false,
	"spriteSourceSize": {"x":0,"y":0,"w":134,"h":118},
	"sourceSize": {"w":134,"h":118}
}
,{
	"filename": "FinishStonePuzzle0011",
	"frame": {"x":690,"y":1247,"w":134,"h":118},
	"rotated": false,
	"trimmed": false,
	"spriteSourceSize": {"x":0,"y":0,"w":134,"h":118},
	"sourceSize": {"w":134,"h":118}
}
,{
	"filename": "FinishStonePuzzle0012",
	"frame": {"x":828,"y":1247,"w":134,"h":118},
	"rotated": false,
	"trimmed": false,
	"spriteSourceSize": {"x":0,"y":0,"w":134,"h":118},
	"sourceSize": {"w":134,"h":118}
}
,{
	"filename": "FinishStonePuzzle0013",
	"frame": {"x":966,"y":1247,"w":134,"h":118},
	"rotated": false,
	"trimmed": false,
	"spriteSourceSize": {"x":0,"y":0,"w":134,"h":118},
	"sourceSize": {"w":134,"h":118}
}
,{
	"filename": "FinishStonePuzzle0014",
	"frame": {"x":1104,"y":1247,"w":134,"h":118},
	"rotated": false,
	"trimmed": false,
	"spriteSourceSize": {"x":0,"y":0,"w":134,"h":118},
	"sourceSize": {"w":134,"h":118}
}
,{
	"filename": "FinishStonePuzzle0015",
	"frame": {"x":1242,"y":1247,"w":134,"h":118},
	"rotated": false,
	"trimmed": false,
	"spriteSourceSize": {"x":0,"y":0,"w":134,"h":118},
	"sourceSize": {"w":134,"h":118}
}
,{
	"filename": "FinishStonePuzzle0016",
	"frame": {"x":1380,"y":1247,"w":134,"h":118},
	"rotated": false,
	"trimmed": false,
	"spriteSourceSize": {"x":0,"y":0,"w":134,"h":118},
	"sourceSize": {"w":134,"h":118}
}
,{
	"filename": "FinishStonePuzzle0017",
	"frame": {"x":1518,"y":1247,"w":134,"h":118},
	"rotated": false,
	"trimmed": false,
	"spriteSourceSize": {"x":0,"y":0,"w":134,"h":118},
	"sourceSize": {"w":134,"h":118}
}
,{
	"filename": "FinishStonePuzzle0018",
	"frame": {"x":1656,"y":1247,"w":134,"h":118},
	"rotated": false,
	"trimmed": false,
	"spriteSourceSize": {"x":0,"y":0,"w":134,"h":118},
	"sourceSize": {"w":134,"h":118}
}
,{
	"filename": "FinishStonePuzzle0019",
	"frame": {"x":1794,"y":1247,"w":134,"h":118},
	"rotated": false,
	"trimmed": false,
	"spriteSourceSize": {"x":0,"y":0,"w":134,"h":118},
	"sourceSize": {"w":134,"h":118}
}
,{
	"filename": "FinishStonePuzzle0020",
	"frame": {"x":0,"y":1369,"w":134,"h":118},
	"rotated": false,
	"trimmed": false,
	"spriteSourceSize": {"x":0,"y":0,"w":134,"h":118},
	"sourceSize": {"w":134,"h":118}
}
,{
	"filename": "FinishStonePuzzle0021",
	"frame": {"x":138,"y":1369,"w":134,"h":118},
	"rotated": false,
	"trimmed": false,
	"spriteSourceSize": {"x":0,"y":0,"w":134,"h":118},
	"sourceSize": {"w":134,"h":118}
}
,{
	"filename": "FinishStoneSpeed0000",
	"frame": {"x":276,"y":1369,"w":128,"h":128},
	"rotated": false,
	"trimmed": false,
	"spriteSourceSize": {"x":0,"y":0,"w":128,"h":128},
	"sourceSize": {"w":128,"h":128}
}
,{
	"filename": "FinishStoneSpeed0001",
	"frame": {"x":408,"y":1369,"w":128,"h":128},
	"rotated": false,
	"trimmed": false,
	"spriteSourceSize": {"x":0,"y":0,"w":128,"h":128},
	"sourceSize": {"w":128,"h":128}
}
,{
	"filename": "FinishStoneSpeed0002",
	"frame": {"x":540,"y":1369,"w":128,"h":128},
	"rotated": false,
	"trimmed": false,
	"spriteSourceSize": {"x":0,"y":0,"w":128,"h":128},
	"sourceSize": {"w":128,"h":128}
}
,{
	"filename": "FinishStoneSpeed0003",
	"frame": {"x":672,"y":1369,"w":128,"h":128},
	"rotated": false,
	"trimmed": false,
	"spriteSourceSize": {"x":0,"y":0,"w":128,"h":128},
	"sourceSize": {"w":128,"h":128}
}
,{
	"filename": "FinishStoneSpeed0004",
	"frame": {"x":804,"y":1369,"w":128,"h":128},
	"rotated": false,
	"trimmed": false,
	"spriteSourceSize": {"x":0,"y":0,"w":128,"h":128},
	"sourceSize": {"w":128,"h":128}
}
,{
	"filename": "FinishStoneSpeed0005",
	"frame": {"x":936,"y":1369,"w":128,"h":128},
	"rotated": false,
	"trimmed": false,
	"spriteSourceSize": {"x":0,"y":0,"w":128,"h":128},
	"sourceSize": {"w":128,"h":128}
}
,{
	"filename": "FinishStoneSpeed0006",
	"frame": {"x":1068,"y":1369,"w":128,"h":128},
	"rotated": false,
	"trimmed": false,
	"spriteSourceSize": {"x":0,"y":0,"w":128,"h":128},
	"sourceSize": {"w":128,"h":128}
}
,{
	"filename": "FinishStoneSpeed0007",
	"frame": {"x":1200,"y":1369,"w":128,"h":128},
	"rotated": false,
	"trimmed": false,
	"spriteSourceSize": {"x":0,"y":0,"w":128,"h":128},
	"sourceSize": {"w":128,"h":128}
}
,{
	"filename": "FinishStoneSpeed0008",
	"frame": {"x":1332,"y":1369,"w":128,"h":128},
	"rotated": false,
	"trimmed": false,
	"spriteSourceSize": {"x":0,"y":0,"w":128,"h":128},
	"sourceSize": {"w":128,"h":128}
}
,{
	"filename": "FinishStoneSpeed0009",
	"frame": {"x":1464,"y":1369,"w":128,"h":128},
	"rotated": false,
	"trimmed": false,
	"spriteSourceSize": {"x":0,"y":0,"w":128,"h":128},
	"sourceSize": {"w":128,"h":128}
}
,{
	"filename": "FinishStoneSpeed0010",
	"frame": {"x":1596,"y":1369,"w":128,"h":128},
	"rotated": false,
	"trimmed": false,
	"spriteSourceSize": {"x":0,"y":0,"w":128,"h":128},
	"sourceSize": {"w":128,"h":128}
}
,{
	"filename": "FinishStoneSpeed0011",
	"frame": {"x":1728,"y":1369,"w":128,"h":128},
	"rotated": false,
	"trimmed": false,
	"spriteSourceSize": {"x":0,"y":0,"w":128,"h":128},
	"sourceSize": {"w":128,"h":128}
}
,{
	"filename": "FinishStoneSpeed0012",
	"frame": {"x":1860,"y":1369,"w":128,"h":128},
	"rotated": false,
	"trimmed": false,
	"spriteSourceSize": {"x":0,"y":0,"w":128,"h":128},
	"sourceSize": {"w":128,"h":128}
}
,{
	"filename": "FinishStoneSpeed0013",
	"frame": {"x":0,"y":1501,"w":128,"h":128},
	"rotated": false,
	"trimmed": false,
	"spriteSourceSize": {"x":0,"y":0,"w":128,"h":128},
	"sourceSize": {"w":128,"h":128}
}
,{
	"filename": "FinishStoneSpeed0014",
	"frame": {"x":132,"y":1501,"w":128,"h":128},
	"rotated": false,
	"trimmed": false,
	"spriteSourceSize": {"x":0,"y":0,"w":128,"h":128},
	"sourceSize": {"w":128,"h":128}
}
,{
	"filename": "FinishStoneSpeed0015",
	"frame": {"x":264,"y":1501,"w":128,"h":128},
	"rotated": false,
	"trimmed": false,
	"spriteSourceSize": {"x":0,"y":0,"w":128,"h":128},
	"sourceSize": {"w":128,"h":128}
}
,{
	"filename": "FinishStoneSpeed0016",
	"frame": {"x":396,"y":1501,"w":128,"h":128},
	"rotated": false,
	"trimmed": false,
	"spriteSourceSize": {"x":0,"y":0,"w":128,"h":128},
	"sourceSize": {"w":128,"h":128}
}
,{
	"filename": "FinishStoneSpeed0017",
	"frame": {"x":528,"y":1501,"w":128,"h":128},
	"rotated": false,
	"trimmed": false,
	"spriteSourceSize": {"x":0,"y":0,"w":128,"h":128},
	"sourceSize": {"w":128,"h":128}
}
,{
	"filename": "FinishStoneSpeed0018",
	"frame": {"x":660,"y":1501,"w":128,"h":128},
	"rotated": false,
	"trimmed": false,
	"spriteSourceSize": {"x":0,"y":0,"w":128,"h":128},
	"sourceSize": {"w":128,"h":128}
}
,{
	"filename": "FinishStoneSpeed0019",
	"frame": {"x":792,"y":1501,"w":128,"h":128},
	"rotated": false,
	"trimmed": false,
	"spriteSourceSize": {"x":0,"y":0,"w":128,"h":128},
	"sourceSize": {"w":128,"h":128}
}
,{
	"filename": "FinishStoneSpeed0020",
	"frame": {"x":924,"y":1501,"w":128,"h":128},
	"rotated": false,
	"trimmed": false,
	"spriteSourceSize": {"x":0,"y":0,"w":128,"h":128},
	"sourceSize": {"w":128,"h":128}
}
,{
	"filename": "FinishStoneSpeed0021",
	"frame": {"x":1056,"y":1501,"w":128,"h":128},
	"rotated": false,
	"trimmed": false,
	"spriteSourceSize": {"x":0,"y":0,"w":128,"h":128},
	"sourceSize": {"w":128,"h":128}
}
,{
	"filename": "MuteButton0000",
	"frame": {"x":1728,"y":0,"w":49,"h":47},
	"rotated": false,
	"trimmed": false,
	"spriteSourceSize": {"x":0,"y":0,"w":49,"h":47},
	"sourceSize": {"w":49,"h":47}
}
,{
	"filename": "MuteButton0001",
	"frame": {"x":1781,"y":0,"w":49,"h":47},
	"rotated": false,
	"trimmed": false,
	"spriteSourceSize": {"x":0,"y":0,"w":49,"h":47},
	"sourceSize": {"w":49,"h":47}
}
,{
	"filename": "PauseButton0000",
	"frame": {"x":1834,"y":0,"w":48,"h":48},
	"rotated": false,
	"trimmed": false,
	"spriteSourceSize": {"x":0,"y":0,"w":48,"h":48},
	"sourceSize": {"w":48,"h":48}
}
,{
	"filename": "PopupBackground0000",
	"frame": {"x":0,"y":205,"w":1082,"h":642},
	"rotated": false,
	"trimmed": false,
	"spriteSourceSize": {"x":0,"y":0,"w":1082,"h":642},
	"sourceSize": {"w":1082,"h":642}
}
,{
	"filename": "SilverIcon0000",
	"frame": {"x":1188,"y":1501,"w":93,"h":73},
	"rotated": false,
	"trimmed": false,
	"spriteSourceSize": {"x":0,"y":0,"w":93,"h":73},
	"sourceSize": {"w":93,"h":73}
}
,{
	"filename": "TickIcon0000",
	"frame": {"x":1285,"y":1501,"w":69,"h":69},
	"rotated": false,
	"trimmed": false,
	"spriteSourceSize": {"x":0,"y":0,"w":69,"h":69},
	"sourceSize": {"w":69,"h":69}
}
,{
	"filename": "TimeIcon0000",
	"frame": {"x":1358,"y":1501,"w":93,"h":73},
	"rotated": false,
	"trimmed": false,
	"spriteSourceSize": {"x":0,"y":0,"w":93,"h":73},
	"sourceSize": {"w":93,"h":73}
}
,{
	"filename": "_default0000",
	"frame": {"x":1086,"y":205,"w":32,"h":33},
	"rotated": false,
	"trimmed": false,
	"spriteSourceSize": {"x":0,"y":0,"w":32,"h":33},
	"sourceSize": {"w":32,"h":33}
}
,{
	"filename": "popupArrow0000",
	"frame": {"x":1455,"y":1501,"w":130,"h":92},
	"rotated": false,
	"trimmed": false,
	"spriteSourceSize": {"x":0,"y":0,"w":130,"h":92},
	"sourceSize": {"w":130,"h":92}
}
,{
	"filename": "popupArrow0001",
	"frame": {"x":1589,"y":1501,"w":130,"h":92},
	"rotated": false,
	"trimmed": false,
	"spriteSourceSize": {"x":0,"y":0,"w":130,"h":92},
	"sourceSize": {"w":130,"h":92}
}],
"meta": {
	"app": "Adobe Flash CS6",
	"version": "12.0.0.481",
	"image": "PopupAssets.png",
	"format": "RGBA8888",
	"size": {"w":2048,"h":2048},
	"scale": "1"
}
}
